dnu,eps,d02,mass
95.87570909640128,0.7169907599256383,10.863606881523184,1.39318
94.43461769586268,0.6830851262429141,10.500206989040649,1.39318
91.59705471952178,0.6583769270135432,9.817203751454834,1.39318
88.87855370776359,0.6455774021431298,9.17297641623117,1.39318
85.57265202788301,0.6399923041316012,8.444235074928477,1.39318
81.13655256617658,0.6478822588004236,7.544807849138844,1.39318
77.8973352860732,0.6713778467768404,7.065310857444212,1.39318
74.39714204052719,0.7210310195065124,6.388431605153298,1.39318
71.12705098841448,0.794538088527676,5.897619692844017,1.39318
67.80457558569807,0.8887896148574778,5.482106649925003,1.39318
64.93304795154825,0.9649850971669933,5.084524514807765,1.39318
61.900405690705604,1.0218211425359445,4.709404477047707,1.39318
59.292078858829896,1.0444570453367563,4.256715619711755,1.39318
56.694149209762394,1.0472276473989575,4.3450861726338585,1.39318
55.669125854446754,1.0395264050846242,4.3456421084005425,1.39318
52.422799983852066,0.7005351661424707,4.515104810831975,1.39318
50.89588587126495,0.7674141897414811,4.463576444394363,1.39318
48.51369157871845,0.8639905406229339,4.333344912365524,1.39318
46.68103491724796,0.9463089516717909,4.283089087080221,1.39318
44.555139505174736,1.0334255901895553,4.2197673259079655,1.39318
42.11717761119618,1.0848171139726408,4.142658499009567,1.39318
40.28049946465327,1.0926484410859891,3.970727904077698,1.39318
39.01244617346193,1.1060632313203476,3.846383918348701,1.39318
38.36170005765441,1.1353800350093886,3.7098964033780524,1.39318
38.213522659561015,1.1518504662182116,3.6511226867603703,1.39318
38.136773933629,1.167651974739258,3.619267042784423,1.39318
38.0965483111714,1.1821253963299798,3.5930528073215835,1.39318
38.06196376966193,1.1950772102393759,3.564529109209066,1.39318
38.014476314689,1.206875956217485,3.5350483874523464,1.39318
37.93620356171847,1.217564961774353,3.49937343892412,1.39318
37.818662023951795,1.226961660562262,3.466398294498304,1.39318
37.664442718724224,1.234927089674706,3.436961506699238,1.39318
37.24196174722733,1.2469534662425144,3.3581671797886448,1.39318
35.71267992302262,1.267114551526183,3.1687160847960554,1.39318
34.30176947843605,1.275781204916524,3.03701112234243,1.39318
32.918629712167096,1.2772191620083921,2.907616158182261,1.39318
31.61598769535929,1.2768154540210526,2.80129679956757,1.39318
30.421168033298795,1.2775728564329107,2.717102288743223,1.39318
29.081159907684196,1.2797803835351513,2.6309605629431188,1.39318
27.887575903224747,1.2805946665147796,2.5605862677454625,1.39318
26.8228535768839,1.2774464885069232,2.497470030968744,1.39318
25.86816189433699,1.2688580455743312,2.4392917916121823,1.39318
24.837274372559268,1.2572857345801276,2.3716261275447157,1.39318
23.893436543336563,1.2503080951866652,2.299965237727142,1.39318
23.02812643461315,1.2471851962392118,2.229066864175729,1.39318
22.222248659918886,1.2508153644266802,2.170809163564858,1.39318
21.35517186847456,1.2555583253515388,2.116381835427609,1.39318
,,,1.39318
82.10254255490494,0.6516350658259984,9.402424985505643,1.66411
80.91552299169885,0.6532094588995814,9.048683824345316,1.66411
77.64750233785512,0.647191699990828,8.243126640075763,1.66411
74.48690653225715,0.6377302992141125,7.542424856989855,1.66411
71.78771161273318,0.6283714539211239,6.992012240903976,1.66411
69.09820174560538,0.6216050272210212,6.464347070920289,1.66411
66.35383274829638,0.6271717924267007,5.982702410019232,1.66411
63.522317043689,0.6676428416810893,5.50813974024073,1.66411
60.70275120699685,0.728269640430965,5.099352191368646,1.66411
58.009344052210245,0.7753307178015684,4.711544539200901,1.66411
55.59529268999608,0.762329754856526,4.401404243400881,1.66411
53.556026519446235,0.6772756818309074,4.094559523940202,1.66411
51.695126066455,0.609689343623921,3.8850187457957737,1.66411
49.91170265212554,0.5913740557312449,3.661298529448826,1.66411
48.140324890162056,0.6313700494505068,3.5303459369020906,1.66411
45.84768542524746,0.7502416077890435,3.3669752136848174,1.66411
43.44078359828505,0.8927314184624272,3.2290474604617687,1.66411
41.60434217271533,0.9714637961259469,3.1715071577647698,1.66411
39.89536302511324,1.0019833428435496,3.090122642059634,1.66411
38.35732353171607,1.0050938858798741,3.1118911355956542,1.66411
37.79499359023039,1.0017190331124863,3.1335593254075795,1.66411
34.56954655029602,0.7219903791539315,3.505989846277776,1.66411
34.944557222314955,0.7097168972200976,3.558583315392757,1.66411
35.80405832484056,0.6735207950859784,3.5592920135004946,1.66411
36.36841917685976,0.6726048119357213,3.5872991691425975,1.66411
35.5119925720683,0.7592969626160089,3.5967379905628287,1.66411
34.064262454001536,0.8296976031861856,3.5211734083466077,1.66411
32.724958397685654,0.9089020702377426,3.440375062336784,1.66411
31.071457450214737,1.0193504994341354,3.3399240239936234,1.66411
29.825931353515767,1.0560868292423171,3.201979596526604,1.66411
29.436775287794607,1.046844399741366,3.1088875377133935,1.66411
29.274765710510355,1.0436133361339062,3.0191947420779353,1.66411
29.27838085475271,1.0481145502513516,2.9742652683401896,1.66411
29.33856386140351,1.0570309606565258,2.927703165731933,1.66411
29.44624298941466,1.0693226009931593,2.8937497074517493,1.66411
29.585446007114545,1.0833966922653557,2.8791158467805142,1.66411
29.738503847998288,1.0979885037084245,2.868078919533395,1.66411
29.881707859467692,1.1122779562824037,2.865663131876373,1.66411
29.996407308528397,1.1262356536420866,2.8696633816586363,1.66411
30.05940225532904,1.1397658294796948,2.870970147210545,1.66411
30.04547578767622,1.152543066469033,2.857218253681444,1.66411
29.93802687131335,1.1637916375491142,2.835440936640015,1.66411
29.663154967270785,1.1753427267844299,2.7819948152056084,1.66411
29.11776845680147,1.1866229039091398,2.7190782147139436,1.66411
27.432971169566308,1.2023366374960875,2.5545614308606654,1.66411
26.19743634323863,1.2024679503926374,2.4470062501570937,1.66411
24.982033047229567,1.2050343286912215,2.344717130092185,1.66411
23.838068743159376,1.2064898836918598,2.252609895535549,1.66411
22.787588056941352,1.2009610453678423,2.17667342661143,1.66411
21.81309224118512,1.195898402598144,2.102804819820106,1.66411
20.910628773111505,1.194375594362714,2.035522666018189,1.66411
20.086625374409866,1.1912664586407542,1.9845786723997627,1.66411
,,,1.66411
96.01076763674209,0.8337956621093836,11.36170584684973,1.4936
94.61315094716498,0.8349321764374856,10.992787348077389,1.4936
92.04129793120588,0.8378436086834179,10.298006303909222,1.4936
88.92973315797728,0.8393900855268052,9.500872955264144,1.4936
86.06166846458052,0.8366479715739831,8.85401851106679,1.4936
82.17774143127107,0.8311996460544443,8.132891829733804,1.4936
78.4435745942602,0.8182267977785692,7.3782976568899725,1.4936
75.96417140796419,0.8083537328886797,6.950461447615521,1.4936
72.65426520713714,0.7921179483152988,6.441281093095794,1.4936
69.70112730297333,0.773894065708254,6.004755963514123,1.4936
68.37475846300204,0.7648951687651012,5.820431841394428,1.4936
66.07933534180054,0.7463090261711633,5.517583345332248,1.4936
63.94870880997332,0.7286750023654558,5.265772178468676,1.4936
61.87889721782966,0.7117971389988242,4.9975098405443426,1.4936
59.8326084866274,0.6982605647745731,4.799692211961747,1.4936
57.782926433388106,0.6953862382555039,4.608351417238382,1.4936
55.7008631442006,0.7230388054742487,4.420741380050649,1.4936
53.61485492769041,0.7826930180454557,4.269112594999354,1.4936
51.671449248236904,0.8237853244099823,4.10305303357982,1.4936
49.91817413965645,0.8257741778207286,3.979983365868182,1.4936
48.484130142561895,0.7526468836485901,3.8876038863638955,1.4936
47.18320046647699,0.6834493343582436,3.7980624869061432,1.4936
45.34073192251949,0.6454308302869707,3.6937167541071685,1.4936
43.09280681512426,0.7324611278686626,3.6194701583037685,1.4936
41.134707725002414,0.8604408456872706,3.537799998301999,1.4936
39.296019350290884,0.9530020291788863,3.4190554082165643,1.4936
38.236475903639814,0.933142030658073,3.469080590014599,1.4936
38.16962731668443,0.7993470636513136,4.151116339519528,1.4936
38.449030864555745,0.7941009152686341,4.228525571271149,1.4936
38.74788399389723,0.7857526586588518,4.2003113512478105,1.4936
38.78900531832586,0.8294493597305843,4.169630192306569,1.4936
37.182754786015074,0.9154688611461886,4.123659616702997,1.4936
35.87062115428736,0.8552439592479247,4.060806098408178,1.4936
34.54598447858887,0.7966005217489813,4.004579234026812,1.4936
33.39875902452758,0.7625163772329904,3.959315116106854,1.4936
32.337930685283915,0.7891783031325504,3.9054354840176186,1.4936
30.837560462153633,0.9191019405916714,3.8009756067387857,1.4936
29.46399739714015,1.0689344153156781,3.645229734070903,1.4936
28.33637149378812,1.1185085333976978,3.409561559260694,1.4936
27.99973510107194,1.1030827596259791,3.2679713086059627,1.4936
27.93878952860447,1.1001597978268338,3.1908799955073057,1.4936
27.953429253843204,1.103602970638779,3.111017119607343,1.4936
28.033289066352346,1.1125430955036844,3.044291730954517,1.4936
28.160596631866245,1.1246758327580346,2.9868791978998055,1.4936
28.308217337616576,1.138176198819511,2.944135688785046,1.4936
28.451156023218278,1.1525196457560967,2.910827727781237,1.4936
28.564535493248638,1.1667651813114648,2.889085658512968,1.4936
28.61732783531898,1.179577669577968,2.871173058940933,1.4936
28.571025815743656,1.1926143438076156,2.8479788010294156,1.4936
28.331487652392507,1.2058250086312816,2.794519978703468,1.4936
27.91831214168948,1.2173440594747498,2.7274657891398193,1.4936
26.674622637208486,1.228086967127382,2.5903549130409793,1.4936
25.92086623133286,1.2293313064844593,2.5189927808127326,1.4936
25.122606504338872,1.2324017650907346,2.4450392009752737,1.4936
24.320466032643395,1.2358993934447202,2.3767219340461683,1.4936
23.53936330402349,1.2364495532500572,2.3130297779328193,1.4936
22.78529740963719,1.2333900450162583,2.251147557584916,1.4936
22.06663780214249,1.2294187865609447,2.194531533325168,1.4936
21.392632529614858,1.2269481311837196,2.135130165641138,1.4936
,,,1.4936
196.47520795827984,1.4585032437546865,16.470730960945218,0.82211
196.53484867322842,1.4584856203006609,16.44141731252956,0.82211
192.01876202461798,1.4476161757879775,15.842937001047442,0.82211
188.73348492381248,1.4400910451819788,15.00803315684522,0.82211
185.76614708029737,1.4375271918227648,14.187616730506106,0.82211
182.75871450876804,1.4341381969390188,13.377979599172967,0.82211
179.60574853826847,1.430203659973611,12.533074595331179,0.82211
176.60461221962112,1.4261879302825555,11.746244189293288,0.82211
173.42259216754485,1.4217409224734792,10.934557586427797,0.82211
170.42211064667663,1.4174249896241335,10.200456600616747,0.82211
167.23795687996122,1.4128408260733878,9.439310994373432,0.82211
163.85452232048354,1.4081011881818175,8.666907384922201,0.82211
160.70949127460128,1.4039402195349482,7.982458533635683,0.82211
157.37607136717915,1.3999318712583175,7.240059846137597,0.82211
153.8368021363905,1.3961396931463428,6.586794778428705,0.82211
150.62769017301474,1.3931446980697426,6.0846097754195965,0.82211
147.22672648845082,1.3908254740640495,5.6334850005497765,0.82211
143.61887060258664,1.3894992811954394,5.175005679707219,0.82211
140.4281280468686,1.3892433714777026,4.837368137396583,0.82211
137.05314928595374,1.3897128386669741,4.549345798130992,0.82211
133.4978860933786,1.391245738886884,4.320673369582536,0.82211
129.75685235175462,1.3935317030666394,4.1344181037036485,0.82211
125.86169211585415,1.39655613551062,4.100039844228668,0.82211
122.06299766243906,1.3998677397664796,4.189673683309664,0.82211
117.74016474992004,1.4033427583085958,4.436189936697391,0.82211
113.89299488333734,1.4053685106893667,4.789537481292051,0.82211
109.96805855311699,1.4057320052118194,5.247491595685778,0.82211
105.8122178979082,1.4037792977525283,5.765033030553198,0.82211
101.49229467520854,1.3989822333643707,6.347683857472503,0.82211
98.36391846711037,1.3941225846548984,6.751971704630548,0.82211
94.63520081692191,1.387443771887181,7.166646877020151,0.82211
90.33491085709564,1.3796237157597797,7.564186447385287,0.82211
86.81713403594468,1.3737945786702324,7.763866730708508,0.82211
83.27484716972373,1.3688364761864245,7.869328778708586,0.82211
79.88045916569084,1.3654625206804345,7.954292638903061,0.82211
76.63299849742454,1.3642073291339407,7.920431148388146,0.82211
73.51491129537418,1.3642160124387905,7.829959904617893,0.82211
70.53838185023271,1.3636318178202667,7.637763776343835,0.82211
67.69413834738003,1.3625275896919746,7.382976401235477,0.82211
64.95778678077053,1.3628968490054802,7.1452923334057905,0.82211
62.35803685902319,1.3644470703036393,6.8397560353184845,0.82211
59.91400280660252,1.364056688216899,6.61100849952208,0.82211
57.6188522644811,1.3604252160351178,6.374974260859701,0.82211
55.4691748091057,1.3560564071375338,6.122619914865288,0.82211
53.45049765229362,1.3538273278639128,5.91651170749913,0.82211
51.55869882266617,1.3541791148625475,5.7240627391375005,0.82211
49.79095218689356,1.3550529325223932,5.529596328848248,0.82211
48.145970701421945,1.354677457522897,5.381429554904532,0.82211
46.62037796193001,1.3523915098407153,5.227700141710277,0.82211
45.199593082960405,1.3487397618209183,5.081624285533438,0.82211
43.872850879677245,1.3440188928412409,4.955331843611932,0.82211
42.62867653965433,1.3393855741021004,4.835048412755854,0.82211
40.90719253051737,1.3327564408979033,4.658237370196914,0.82211
39.32009668943502,1.3275930616250893,4.512046304975194,0.82211
37.8700769996888,1.3238230972451586,4.381434513738324,0.82211
36.53047792781716,1.3211484144826626,4.266833642774804,0.82211
35.28876563958506,1.3196743733106417,4.160063137142826,0.82211
34.1305022323151,1.3191839602984805,4.073365199698038,0.82211
33.05299619833913,1.32019402086189,3.983135493280439,0.82211
32.04059779903129,1.3186671063654545,3.9025977160426546,0.82211
31.09909853625349,1.3173946228938376,3.8432675586770864,0.82211
30.213116583935793,1.3157397380326235,3.774884615115832,0.82211
29.11851941180427,1.3121426832761118,3.7123704232093284,0.82211
28.10140678797522,1.3055662594358723,3.645158300235064,0.82211
27.153237738527217,1.296924740225167,3.5698007031789634,0.82211
26.271368878080153,1.2875964432111964,3.496418455827922,0.82211
25.444662002741456,1.2775893293589466,3.4275407360255583,0.82211
24.665925757858982,1.2672455976573795,3.3542655640034273,0.82211
23.9440092249568,1.2568195757817848,3.291931958687148,0.82211
,,,0.82211
114.73354040372602,1.1974694923073435,12.521551468380725,1.28002
112.18080296185835,1.1286016978147677,12.042550847232526,1.28002
110.00845615742418,1.1169186976832386,11.575521910064372,1.28002
107.46584139217697,1.1057730963870571,10.98724979281543,1.28002
105.02617669782272,1.0962410874656405,10.400688681210276,1.28002
101.97697390861858,1.086250802012682,9.683641257604869,1.28002
98.89880246783198,1.0786415656923358,9.055381891005618,1.28002
95.70311967203726,1.0729661423385572,8.398795399344907,1.28002
92.15176491151446,1.0692870442389202,7.687049632898183,1.28002
88.51879098058902,1.0689902174777584,6.9827621970813265,1.28002
84.89719040692513,1.074544870546511,6.523994555141252,1.28002
81.223667416503,1.0814761170667186,5.737795996536996,1.28002
78.45454811628976,1.0924726538569103,5.328421044140715,1.28002
74.89563077069522,1.1139113369277711,4.873521910298087,1.28002
72.0305476059994,1.1379536762754696,4.549811126410457,1.28002
69.02692491819819,1.1671551052950202,4.205796547970739,1.28002
66.00833888400226,1.183712003533891,4.104740173658822,1.28002
64.30135350002486,1.1619069996544433,4.302902025737979,1.28002
63.42810885643323,1.140177246005814,4.439041889533292,1.28002
56.233468844156675,1.06115107165259,4.833492495266796,1.28002
56.58037439607503,1.0582275762968694,4.973011519879576,1.28002
55.66542441008529,1.065640057005311,4.935193543077152,1.28002
52.932495772822925,1.0837017196242797,4.661498871311486,1.28002
50.80090015395834,1.110179798295089,4.574703131144297,1.28002
48.94944058322079,1.1477396353665432,4.4937062862703465,1.28002
48.22200022872403,1.1694691342455834,4.376906988143926,1.28002
47.55615217025851,1.1921534297018541,4.273537207347092,1.28002
47.17189668764045,1.2048534960988089,4.2405653421798695,1.28002
46.82065735989856,1.214993234223373,4.20698936765408,1.28002
46.45799506932616,1.2238994450762801,4.166581951341766,1.28002
46.07549846110093,1.2318337791891656,4.148622573084918,1.28002
45.25813108416754,1.2444682139262058,4.0531410736331335,1.28002
43.24931918091552,1.2602589873989323,3.7905683292794747,1.28002
41.660624217821514,1.2681690536407209,3.6206752496847745,1.28002
40.078257413101674,1.273363726367864,3.4713620437751382,1.28002
38.576873421439174,1.2739497947259584,3.3495925756279177,1.28002
36.84897744917592,1.2710701643321074,3.2101122872975547,1.28002
35.2856145451227,1.2701700781760745,3.086369819332584,1.28002
33.860209642663825,1.273494492845455,3.010392363243758,1.28002
32.565386935836,1.2773584644458753,2.9380642170353815,1.28002
31.391429025203138,1.2757385574365914,2.8709318458206226,1.28002
30.11873444250662,1.264978072420265,2.802004554194642,1.28002
28.964768284351997,1.250145122648241,2.718541040107105,1.28002
27.895785875518303,1.2396554716846457,2.625551220480322,1.28002
26.893636178367267,1.237207472682362,2.531172820429916,1.28002
25.944622173772682,1.2435961048646178,2.4500645447448273,1.28002
25.054930127644656,1.2515903549352771,2.4018875932776824,1.28002
24.08980121886547,1.2607564164200968,2.371518070154228,1.28002
23.19634150691147,1.2644902595349659,2.3626762648639668,1.28002
22.368186682816763,1.2612721888457945,2.3585760421909825,1.28002
21.59214501742507,1.2559633733159203,2.370046908026086,1.28002
,,,1.28002
103.48855079737217,1.049021844188849,11.519714484559168,1.2853
100.72665377094016,1.0343765544187367,10.83971017471988,1.2853
97.92311999047111,1.0194362261191503,10.174886519184794,1.2853
95.21597591238725,1.0052131422761679,9.522890036434054,1.2853
92.66787207564114,0.9936892662937501,8.943758721281723,1.2853
89.39824528958135,0.9832161244573798,8.25623248845116,1.2853
85.67702665747623,0.9809225921940137,7.596796086482871,1.2853
81.55229402934768,0.9887079543468041,6.7709263798928845,1.2853
77.30282256693222,1.0104136505880514,6.088054364087689,1.2853
73.8064471531654,1.0316461479851167,5.591636731119677,1.2853
69.65883432145834,1.053067709951024,5.091289065936322,1.2853
67.15737710821601,1.0620398794287982,4.792937960562467,1.2853
64.64179391371633,1.070284339916463,4.485986433876247,1.2853
61.81063997849467,1.083789325284159,4.270938014691956,1.2853
59.28216848112755,1.101315150281044,4.125275464071484,1.2853
56.85837288929908,1.1131294637895108,3.8145138596045594,1.2853
55.270045270466824,1.098873419850772,3.9703667060840333,1.2853
54.496165067350695,1.0849246547864777,4.060835708870592,1.2853
48.11531114914244,1.0713688105683212,4.625622658465972,1.2853
48.07203244109101,1.067649094350469,4.763735048092724,1.2853
48.8016633082798,1.0686960083616928,4.792366513316536,1.2853
48.06895535302031,1.0797765060635724,4.741038627043816,1.2853
46.19914274288215,1.0885764144078443,4.6315341440249735,1.2853
44.17796180657384,1.096478868934915,4.444741044463159,1.2853
42.26286592695559,1.115374116698599,4.290492918069105,1.2853
41.155222108245205,1.1403184239255464,4.133378091668463,1.2853
40.61679108222155,1.1603325658221404,4.0354502891884225,1.2853
40.197914798152404,1.1811174848766337,3.953593983643939,1.2853
39.84749575400786,1.2009992554748106,3.843420548039533,1.2853
39.6751283270107,1.2104962733411666,3.802449629931551,1.2853
39.48857889501664,1.2191383221537102,3.7606034281698957,1.2853
39.28051978769067,1.2266791360010199,3.704506798432299,1.2853
38.76576118547808,1.2388004081809527,3.6027211172321394,1.2853
37.40860295609737,1.2572521297619796,3.418613290544821,1.2853
35.72426831891839,1.2654671049107231,3.235415842386861,1.2853
34.184314370338654,1.2657223995640152,3.1150454999482484,1.2853
32.830153851457574,1.2664450014906206,2.999207726863421,1.2853
31.677937789039287,1.267532497192537,2.910535109916755,1.2853
30.36329199213894,1.2684842673249948,2.81433710208151,1.2853
29.191842359292856,1.2676560668538916,2.7339735391443525,1.2853
28.146894285278854,1.2646287983957996,2.668022737288391,1.2853
26.992630417940997,1.256694253844752,2.596562915618631,1.2853
25.97332376951124,1.246401429106062,2.5315041922393067,1.2853
25.044079523185818,1.237977413077349,2.4621466466410427,1.2853
24.1857413151444,1.235748334308226,2.3964233938790196,1.2853
23.24867945226982,1.2360567274997847,2.3205118099609203,1.2853
22.377714482165615,1.2388026020148557,2.2684092183248916,1.2853
21.576955782333087,1.242213666735689,2.225897328483682,1.2853
,,,1.2853
207.6516853307258,1.4155550699811188,16.188985902252107,0.75048
208.32066901373796,1.4152144352138551,16.11553472524719,0.75048
202.8351954615803,1.4084292020486775,15.064219612045878,0.75048
199.52696049632223,1.4066924298732624,14.258603494121257,0.75048
196.73736520298087,1.4052209809883827,13.491916897288684,0.75048
194.10071970735603,1.4035493613310335,12.74739211418667,0.75048
191.3565587250189,1.4014050156916904,11.979812937763619,0.75048
188.66089375209506,1.3990019014985975,11.219590225993997,0.75048
185.80109466886245,1.3961235613926244,10.421807956343798,0.75048
182.97490214025356,1.3929749239717424,9.644425743113962,0.75048
180.198777339434,1.389684188078481,8.900381427632972,0.75048
177.23667665324774,1.3860385077044208,8.123445104333419,0.75048
174.33652429114247,1.3824719766712292,7.3847327906933735,0.75048
171.23739007085197,1.3788359961947496,6.633347751681017,0.75048
168.22400768813813,1.3755715460755404,5.887800670729111,0.75048
165.00976458371554,1.3723339002097268,5.251428986319066,0.75048
161.92108599444296,1.370080170608748,4.713995960379305,0.75048
158.6125167129505,1.3689435616366128,4.16376729833211,0.75048
155.45904520049288,1.3691363888429566,3.673879459442532,0.75048
152.0781437617257,1.3704566493568675,3.207015350720802,0.75048
148.90836501656872,1.3730315024472126,2.8338937000828373,0.75048
145.51632140684492,1.3770287333655764,2.537806841937102,0.75048
142.41714329329153,1.381622646348467,2.45864843587804,0.75048
139.13801178211074,1.3874885590210606,2.4424838179140553,0.75048
135.6695033323678,1.3946066931333319,2.5866495275166965,0.75048
132.0226311601213,1.402561935078181,2.715224508972627,0.75048
128.82979221550974,1.4096981430127915,2.9213557524109652,0.75048
124.99279372561561,1.417909424958084,3.317008863936448,0.75048
121.0399443998539,1.4249151162181732,3.9096524728899222,0.75048
116.81771105855846,1.4292038153231275,4.523673452540285,0.75048
112.70899208910575,1.429329548002526,5.300241193319647,0.75048
108.18917378816535,1.424340028996368,6.267207719141369,0.75048
104.77317172596578,1.4174756639946748,6.904752842617112,0.75048
100.90599234273887,1.4076413436542288,7.581902238086577,0.75048
96.91351467542592,1.3961121770658778,8.092896883760105,0.75048
93.8865899737114,1.3871773850710023,8.391007484479111,0.75048
90.50834943482086,1.3781213986102037,8.630514551389265,0.75048
86.78118204239635,1.3700853621831974,8.723373262964573,0.75048
83.07816101927608,1.3637384145354945,8.79969900244916,0.75048
79.49547884888815,1.3578337605739672,8.665104501639277,0.75048
76.07345002398958,1.352797439728859,8.461467911306185,0.75048
72.82273011000198,1.3503006449074904,8.191677719394374,0.75048
69.73486776236861,1.3495818280394698,7.897747858529494,0.75048
66.83788288706761,1.3475080076002703,7.6203046714956795,0.75048
64.12691424607368,1.3426206388641249,7.30001269169474,0.75048
61.58942225578522,1.3373360553045675,6.985444456828803,0.75048
59.23054656078272,1.3342593206256383,6.719056702675875,0.75048
57.029463115067514,1.3337940102333548,6.482419109115552,0.75048
54.975393904162424,1.3344583197516315,6.24653743566613,0.75048
53.07317656570131,1.3346736718310488,6.067981668111282,0.75048
51.30614881393015,1.332644010717304,5.899841271221337,0.75048
49.67072037436611,1.328819019995339,5.713798778648248,0.75048
48.15468255355807,1.3235658649803443,5.573872538220818,0.75048
46.74030391003329,1.3173230474072055,5.438507616666893,0.75048
45.412079963339906,1.3112738730511573,5.30691633037783,0.75048
44.16104556002259,1.3060390698372477,5.165730351354357,0.75048
42.98498123910039,1.3025529735921382,5.053512419396099,0.75048
41.869651232107316,1.3004038462760987,4.944865007858867,0.75048
40.306251756605185,1.2989520609082532,4.791200221233713,0.75048
38.87134858247142,1.30075789852107,4.655138354529313,0.75048
37.53328541664107,1.3030935436615316,4.546415230006206,0.75048
36.294508279028136,1.3053598105831936,4.454210306021843,0.75048
35.14785435494069,1.3048292458131197,4.37264729497863,0.75048
34.08150184328565,1.3046393881187097,4.303761159044273,0.75048
33.08550141612515,1.3005702718458878,4.23701435877874,0.75048
32.154122651038335,1.2963774176085103,4.183413785035105,0.75048
31.27632004372446,1.2900158796247085,4.123872831717949,0.75048
30.180940240538682,1.2805858755894688,4.047270703952887,0.75048
29.165985762394133,1.268579374432538,3.956153598026185,0.75048
28.220114987832225,1.2567819894972683,3.869030308201157,0.75048
27.323132007556055,1.244896584080334,3.79935736606479,0.75048
26.48708625393988,1.233867111589643,3.6984474741488533,0.75048
25.690741754507155,1.2214704250197934,3.5744580569823983,0.75048
24.75781914014278,1.2116200412230813,3.5056889761722974,0.75048
,,,0.75048
89.01780937893274,1.5933573500915414,10.911993453803811,1.9704
87.92829304968092,1.5811384356766254,10.650792260757058,1.9704
84.09338974463266,1.5378316626442445,9.821218046683702,1.9704
81.37123526561538,1.5098856476410873,9.218575591072435,1.9704
78.79181984515932,1.482660644550543,8.675936028290648,1.9704
75.53834052615949,1.448380144172617,8.037100130797686,1.9704
72.55704272001475,1.417615735205569,7.464049718551624,1.9704
69.68764294270456,1.3852592377808528,6.895187708392569,1.9704
66.90907749290308,1.354018877431267,6.43753844160877,1.9704
64.21930337437037,1.321357906275899,6.041246386479587,1.9704
61.601590598441575,1.288431950645716,5.62212546610004,1.9704
59.05586367993178,1.2522058690712317,5.23133410734014,1.9704
56.59740541844924,1.2158802542407867,4.94479306423885,1.9704
54.19311662727469,1.1794145796476636,4.645141800702809,1.9704
51.84785202362096,1.141100048465714,4.407233774551776,1.9704
49.564417313806125,1.102692296547066,4.1873640668172145,1.9704
47.348803778618645,1.0637117275105934,3.9456898640434916,1.9704
45.91167028776037,1.0389795702171147,3.823179283193531,1.9704
44.50333315764476,1.0140951001323664,3.7069253846302885,1.9704
43.14467188541359,0.9909397615069188,3.6027504889657105,1.9704
41.826566817222826,0.9677324346687002,3.4847043401505884,1.9704
40.56579515617049,0.9462237245809002,3.3881398727984275,1.9704
38.80778933350538,0.9221295952844952,3.2683105493033455,1.9704
37.3455761209136,0.9066929610277514,3.173030723062101,1.9704
36.70505995382335,0.9167402277910025,3.1650652402628294,1.9704
42.33471387389381,1.1947038071610747,3.8786349201689863,1.9704
41.620859318350064,1.152875528510109,3.835843771903626,1.9704
39.68899042144728,1.137027106164624,3.6722540127086307,1.9704
37.25885279913246,1.11203319850616,3.5074265561106155,1.9704
36.206969778306835,1.0997907975683792,3.4503250000774814,1.9704
34.61202430629158,1.0822292673581142,3.360018847470896,1.9704
32.80353742559031,1.061765665514868,3.2655919480106608,1.9704
30.556569328458263,1.0326443513144115,3.157725510667157,1.9704
29.239235189670826,1.013906100674705,3.0820086091121914,1.9704
27.87176956064651,1.0015867865214287,3.0175499797335688,1.9704
26.483013821570225,0.9818187929840313,2.9455221760530352,1.9704
25.086665171102513,0.9622539048084474,2.8627736957236944,1.9704
23.711595120653424,0.928627016299567,2.801371283413703,1.9704
22.390823627668503,0.8814530795663525,2.743588320392534,1.9704
,,,1.9704
208.8863690396519,1.3831727957928754,14.783180353523505,0.74521
209.94212873501823,1.3824217416819182,14.686384411512813,0.74521
209.83393509010986,1.3817175349323272,14.609309326633126,0.74521
202.92257729248422,1.3761824587382425,13.20212914062768,0.74521
199.80406112455563,1.3758107289223032,12.45629307967081,0.74521
197.05030383728712,1.375258827177991,11.748767390102852,0.74521
194.3059936774125,1.3742963815442861,11.011466592176616,0.74521
191.73583982163885,1.3731153274153731,10.306444658241933,0.74521
189.19762702982953,1.3717173672253897,9.596686353108712,0.74521
186.67388770066898,1.3699142347918505,8.887591883968655,0.74521
184.15556041408252,1.3677924585382526,8.183057070988294,0.74521
181.6404550692975,1.3653902612855167,7.478172395670126,0.74521
179.1294849708074,1.3627350826749465,6.783536941002391,0.74521
176.4624701693396,1.3597039142990364,6.060776832553796,0.74521
173.78666940078955,1.3565564273126038,5.34603817163356,0.74521
171.10926154767668,1.353434700505173,4.58061545269474,0.74521
168.4424704524013,1.3504217507918819,3.9159535260278937,0.74521
165.80834011932905,1.347466128764995,3.3487933522542086,0.74521
162.99844528190184,1.345011468338029,2.802927192991176,0.74521
160.2156953147473,1.3438633110073668,2.292818652606845,0.74521
157.2250625939868,1.3440544660339886,1.7369370965349695,0.74521
154.26871023576362,1.3458274653733393,1.227017636228034,0.74521
151.37542062306994,1.3490034650189204,1.0711755253930322,0.74521
148.26278804976275,1.3540612556852587,1.0825558207787092,0.74521
145.24602076712316,1.360752506096935,1.1371546299659692,0.74521
142.01873049342532,1.3696179343575756,1.4162677439344415,0.74521
138.95935419612272,1.3795574521746508,1.368945681522884,0.74521
135.707890022595,1.3914239271102913,1.5123541646553555,0.74521
132.20182900684037,1.4055771735449611,1.8080250092484715,0.74521
128.60287966784142,1.4208646751320861,2.26861725015182,0.74521
124.60679152468278,1.4369839461576333,2.4392836937907707,0.74521
120.69771191986925,1.4495262154947264,2.8744877185735516,0.74521
116.4607178446647,1.4573188249227051,3.6934933374502514,0.74521
111.72898541569198,1.4567143891911731,4.893833856486574,0.74521
108.65320819091808,1.4510126472829494,5.75177520713321,0.74521
105.03929715391513,1.4399666950012953,6.70931121459645,0.74521
100.77360908816163,1.4231417780915632,7.701698496641159,0.74521
97.04854198778021,1.4079432164363372,8.315573510099814,0.74521
92.67888757920176,1.3916591552650759,8.750652747864843,0.74521
89.28104221742304,1.3800984750299528,8.884518202149039,0.74521
85.56339736782705,1.368721305525487,8.992391997089975,0.74521
81.83811601094501,1.3602237970973965,8.768821979739203,0.74521
78.25086392625491,1.3555340666742666,8.555468374584608,0.74521
74.86053569567807,1.3516704574030258,8.265324284647097,0.74521
71.69668948059655,1.3460583136380926,7.983137315738419,0.74521
68.75540772021277,1.3403234488632383,7.645474905234798,0.74521
66.01619670183574,1.3369018975927192,7.344300472042305,0.74521
63.47761172055593,1.335981589120599,7.071082492947036,0.74521
61.12495264035211,1.3357709814885665,6.796533762882468,0.74521
58.94921593505557,1.334642487221468,6.566360048476416,0.74521
56.94883915119682,1.332770383401717,6.353860960627494,0.74521
55.09903239986197,1.330084577362222,6.1587482614306825,0.74521
53.388436265405176,1.3262758438930773,6.052762336103126,0.74521
51.794434043777585,1.3216917151618077,5.874272027716298,0.74521
50.30894343031307,1.3180140497035573,5.72605561669031,0.74521
48.92518145568916,1.313272535564432,5.602166979651857,0.74521
47.62428946317196,1.3094939234289584,5.464054741059778,0.74521
46.402026287925594,1.3064055861496084,5.337343033279772,0.74521
45.2412848905072,1.3049906100262698,5.222396387905924,0.74521
44.147373365062315,1.3041221476434033,5.130691548479006,0.74521
42.6132149149818,1.3043008416686108,4.984116780587075,0.74521
41.197524588944326,1.3061430431022176,4.8656735399741144,0.74521
39.883793522008304,1.3070764936991455,4.767584483725391,0.74521
38.65863703862969,1.308608863410402,4.674461004212263,0.74521
37.523445041348964,1.3083664916434143,4.601275077227209,0.74521
36.452909465331615,1.306188638410255,4.5415637667324,0.74521
35.456023899825645,1.3025816469298752,4.4766930642586065,0.74521
34.52470041136863,1.297978362263585,4.416755642590188,0.74521
33.35888200057701,1.289450934762815,4.338789633361765,0.74521
32.2840054414571,1.280226477656313,4.261286250700856,0.74521
31.261919738328167,1.272306416630178,4.197966563921686,0.74521
30.319153365724123,1.2562868574636261,4.0445913207273145,0.74521
29.42299651455398,1.2488660182538802,3.994839400270298,0.74521
28.57551213852852,1.2395899077861505,3.932651440146602,0.74521
27.588675446017568,1.227082001619467,3.8020955377300174,0.74521
26.653545557700493,1.2176653230238716,3.714915978630886,0.74521
25.77034249246335,1.2071657905829751,3.556243187993474,0.74521
24.940780282962194,1.1982439370252433,3.4452477842930156,0.74521
24.154164805607177,1.1903682513165408,3.333398851847451,0.74521
,,,0.74521
75.6747033084511,1.4958044064555487,9.190176749859173,2.25429
74.69918358372044,1.4810882297744195,8.950910186242664,2.25429
71.34281867699718,1.4405029783437482,8.184956476156376,2.25429
68.77964227939891,1.4100149848693107,7.615082144458291,2.25429
66.4184008795208,1.3817170423265868,7.113498413103177,2.25429
64.27834097738894,1.356168928825948,6.648125066671175,2.25429
62.22960803739491,1.334185015073219,6.247892714077013,2.25429
60.25328670327073,1.3113758456323312,5.878548458712604,2.25429
58.15594593998191,1.2878626174731302,5.49029852771846,2.25429
55.58413260925901,1.2589823212986804,5.029974660941337,2.25429
53.57379292335667,1.233740837027068,4.7215656658159935,2.25429
51.726476831303756,1.2114524398864064,4.4329778219794,2.25429
49.938524277926014,1.1868350573883995,4.1893239399918505,2.25429
48.211387032304515,1.1622427640401827,3.9569679775777358,2.25429
46.506236428894034,1.1357349636204823,3.7089956492430454,2.25429
44.86009068258647,1.1111191140777572,3.542376628203705,2.25429
43.25318620371705,1.0854358280979295,3.3640822950489873,2.25429
41.68550756497896,1.0602709953356675,3.219526040076683,2.25429
40.14557855744802,1.034939130721034,3.0801134358626583,2.25429
38.63236872013902,1.0097990033859332,2.9663278780702593,2.25429
37.15598640933439,0.983923336678146,2.818387141117497,2.25429
35.72184418152231,0.960774438163019,2.775085531171321,2.25429
34.311592283190656,0.9377706202235587,2.6922387332505933,2.25429
32.930987983358285,0.9187934694293851,2.6179672539182106,2.25429
31.581996784182348,0.8998088824419642,2.5532226418681976,2.25429
30.276522586943642,0.8823248751089746,2.4865062428906257,2.25429
29.031503937938666,0.8630369390649099,2.4354629817055624,2.25429
27.83920671371412,0.8418855832874023,2.3953415317428988,2.25429
26.716074328825254,0.8168176458874118,2.360328601621215,2.25429
25.671443963090578,0.7950844817025849,2.332489532162842,2.25429
24.776823539996712,0.777274093456582,2.3107766291804523,2.25429
23.93448415926161,0.7873229670733959,2.3346087763749805,2.25429
27.97908651880136,1.1061105929347506,2.862513345139463,2.25429
28.280438324719515,1.0740654063194908,2.8684823877959924,2.25429
28.38587913404154,1.0445351939790992,2.8642877569646856,2.25429
27.67106868158497,0.9999504015025681,2.847228246248886,2.25429
26.45949244180169,0.9934850354805383,2.8138690054734856,2.25429
25.51833882969806,0.9927975231119771,2.7635642025477276,2.25429
24.344473507054854,0.9938947040377109,2.7262738573479584,2.25429
23.495986930101683,0.9904804728431981,2.6984539624137107,2.25429
22.617075069840165,0.9829433123719107,2.6675770227382016,2.25429
21.714352036723362,0.9682362729815982,2.647411496499195,2.25429
20.76677124923925,0.9471124444483071,2.612268948514964,2.25429
20.25885377681994,0.9323575548404096,2.5923793073657797,2.25429
,,,2.25429
131.97280914806421,1.330190798325473,13.595743956575978,1.17851
133.6715804737695,1.3372826339500266,13.603937050059276,1.17851
131.90162692269294,1.3117967365242855,13.205868283829705,1.17851
129.43106675755635,1.2974656300165002,12.750460779408233,1.17851
126.98204032277783,1.2863669553337655,12.227667983998282,1.17851
123.81598591363188,1.272588416386887,11.536170839557986,1.17851
120.8740928891217,1.2603176280947936,10.895667886688633,1.17851
117.99512695911305,1.2489446225803251,10.281233690132547,1.17851
114.62182965264827,1.2366440004333379,9.58222890690011,1.17851
111.37783988515153,1.2261565988458094,8.880464229631723,1.17851
107.77849716085302,1.2162212355710957,8.210889682620596,1.17851
104.02511255817761,1.2083346485953053,7.51646100274698,1.17851
100.53794759954289,1.2041392047588684,7.041365748170773,1.17851
94.88150644239853,1.1993887610878513,6.240029549496024,1.17851
91.37158096486958,1.1943860819701628,5.931292742355059,1.17851
87.84046434008671,1.1898404897313826,5.6806132282486725,1.17851
84.42300403928445,1.1860037607569438,5.504156197761075,1.17851
80.89821963827201,1.182950133745612,5.385219689054921,1.17851
77.22509347759542,1.1810608993123795,5.280532537916443,1.17851
74.68471676102577,1.1811176937898071,5.24182066580173,1.17851
71.7558040916577,1.1828318611672364,5.2308742345120915,1.17851
68.59279476456814,1.1871415853281375,5.2558325980214855,1.17851
67.04611759809606,1.1901181873576312,5.259903260498255,1.17851
64.289785307105,1.1976308512170328,5.25066100564601,1.17851
61.83029945625494,1.2072757292693115,5.2197050551588715,1.17851
59.57584457149777,1.2189402698252407,5.193915993744087,1.17851
57.48528924959726,1.232403119337122,5.237125807244732,1.17851
55.559707419581756,1.2475989049476,5.183114107023748,1.17851
53.83769475916807,1.2628693469113963,5.105654339746386,1.17851
51.577590168590156,1.2836389575636205,4.957096616227533,1.17851
49.46018650887277,1.2987978007506296,4.70889414377069,1.17851
47.36064069232719,1.307739287134474,4.495729888438875,1.17851
45.26973354551862,1.3153289201993907,4.2545808372609155,1.17851
43.26853671593256,1.3172355812941505,4.042370946635402,1.17851
41.39329015463364,1.3152829080463992,3.8600712202167133,1.17851
39.66120950029496,1.3143765691238634,3.7014147764388525,1.17851
38.067810063892594,1.3146972002487078,3.5622104844515188,1.17851
36.62437185239223,1.3150137518878018,3.438373580784723,1.17851
35.30868220397108,1.315180286255681,3.3369519256439117,1.17851
34.11171374392184,1.3137639362750044,3.24753624330493,1.17851
33.0139796274713,1.3102266848537043,3.1885800855115933,1.17851
31.69907409772745,1.301806593208061,3.103055647141084,1.17851
30.515821839604982,1.290437989084186,3.0113394102372086,1.17851
29.429422160379165,1.2829966405714968,2.9194665052476547,1.17851
28.430411290993653,1.2795546698310527,2.819776506628272,1.17851
27.498238701000947,1.2806903585785265,2.7349290244058113,1.17851
26.620518613277024,1.285398305716321,2.6706764894229016,1.17851
25.611720181015123,1.292969230581076,2.618922644954312,1.17851
24.686591078684426,1.2976225312052223,2.578733975992374,1.17851
23.836604326796287,1.3000018952320735,2.561831072278241,1.17851
23.05321440980025,1.2973006553223478,2.558168765716249,1.17851
22.18180379370293,1.2845548332031944,2.5265680685378857,1.17851
,,,1.17851
89.16946564333607,0.951659074639967,10.583946282009883,1.69344
87.87442351575376,0.9517887813697906,10.208669796186484,1.69344
84.38190756531324,0.9436731694739875,9.384180724400952,1.69344
80.93938997762945,0.9325587723640694,8.67141989197498,1.69344
77.98033722225755,0.920491196825167,8.04823266626268,1.69344
75.05306390783542,0.9097205234349705,7.489483432791648,1.69344
72.14226472208762,0.8971826936485688,6.983432120523683,1.69344
69.26556228980576,0.8817400685501187,6.432949160887048,1.69344
66.4325873227861,0.866830209378319,6.017247154747876,1.69344
63.651953271047006,0.8474854999277436,5.583882598709895,1.69344
60.93466249033461,0.8251812234627692,5.210652339028459,1.69344
58.27503657840339,0.7999005200912013,4.873700934895174,1.69344
55.688252253913944,0.770547219548111,4.5353187872455045,1.69344
54.001178544995085,0.749084250507042,4.380225786384165,1.69344
52.33187342183378,0.7263620046454393,4.2264036783592855,1.69344
50.69697159726545,0.7024341561022931,4.059651391661623,1.69344
49.11003319622813,0.6789434725208044,3.904056182344557,1.69344
47.56173508201431,0.6580989360997649,3.791019430957264,1.69344
46.04263385336275,0.646817366956455,3.6589641331056884,1.69344
43.9413646143499,0.6903622461996873,3.5122273166378633,1.69344
43.00580932039913,0.7335674443692773,3.442194182940421,1.69344
41.46835962674712,0.7929220224105609,3.346720575238151,1.69344
39.75272657371912,0.7659710341287266,3.248971406955024,1.69344
38.53296840526897,0.6693768692129188,3.1601974978045,1.69344
36.93060973510621,0.6440274710493332,3.140433499596304,1.69344
36.60105776121657,0.7605182428621958,3.1816103475002024,1.69344
40.44488445854341,0.8344155113765556,3.7739105058567346,1.69344
40.658346156015675,0.8063610158885322,3.8486038117591344,1.69344
39.662113497657145,0.7654480136110919,3.8074201556946092,1.69344
38.12445254915998,0.7581856335061555,3.757447539896753,1.69344
36.30515225179289,0.7496566091861082,3.66374929444316,1.69344
35.04314453133872,0.7400727650167281,3.6096715327894895,1.69344
33.76919118536584,0.7344077331845364,3.5562299762940706,1.69344
32.33738795491945,0.767614451285043,3.492255228915073,1.69344
30.608840761213997,0.8870774132540843,3.440617989914326,1.69344
29.123345175926385,0.9002691376106504,3.377071595063677,1.69344
28.429459732890646,0.7975796959407849,3.3506720448146323,1.69344
27.86095076231262,0.7397502489728719,3.3027927202439353,1.69344
27.257563401030705,0.7654404926030978,3.2354848981182327,1.69344
26.06821177435927,0.9618463224029377,3.102423135716862,1.69344
25.435842394647825,1.0640934875577004,2.9261658086827778,1.69344
25.35223907162854,1.0653988388025941,2.8715125988084615,1.69344
25.3643555586936,1.0562140641803097,2.7996008739135565,1.69344
25.451926581585735,1.0478320661876395,2.7396503836635415,1.69344
25.591855376917703,1.045046186728494,2.684199233271105,1.69344
25.774959543202637,1.0487332050155211,2.633010756247251,1.69344
25.993956676181387,1.0581629661500405,2.591797485039529,1.69344
26.23189197886067,1.0716186803934982,2.5574596764291284,1.69344
26.478726064748468,1.087469379637436,2.548226863253181,1.69344
26.711430198951977,1.1043334270710516,2.5400739050060293,1.69344
26.937070978128833,1.1245615758626362,2.5387548836127016,1.69344
27.058290883421122,1.145596859105375,2.5264845382581935,1.69344
27.006252529199248,1.1619648286252802,2.507821393701197,1.69344
26.758855080573166,1.1768820910305593,2.4534131865467317,1.69344
26.2449436684845,1.1908611994896958,2.404636616123086,1.69344
24.865373365263927,1.2054673179244748,2.269378131868325,1.69344
24.113929683186676,1.2064903550470822,2.2019887893501044,1.69344
23.359993010032046,1.2080937504006555,2.1442592514201166,1.69344
22.624223987553325,1.210662126245207,2.090706728436648,1.69344
21.92526906260761,1.2112304127938944,2.041535608151267,1.69344
21.2678785101891,1.209305046939679,1.9901473189429162,1.69344
20.650507466441816,1.206216337964575,1.9443256373723108,1.69344
20.071134831939776,1.203893129110741,1.9012467877841668,1.69344
,,,1.69344
192.61595634321475,1.4364331520848792,15.401145911032915,0.84266
193.69437550497412,1.436207412077196,15.313316842728518,0.84266
193.61310584464945,1.4352158145997043,15.211704390650356,0.84266
188.9906813025254,1.4307737331864847,14.283248230879238,0.84266
185.97135330807387,1.4281777852042759,13.556514612842951,0.84266
183.3009401323735,1.425838070330891,12.848080987669993,0.84266
180.5858038736113,1.4231862861011086,12.114345469163528,0.84266
177.96451321175638,1.4202298180937238,11.40185135653645,0.84266
175.1975836107255,1.4167861922924303,10.648606382248696,0.84266
172.5087091332504,1.4131995656167031,9.926483980194465,0.84266
169.64798262604538,1.4091663408385346,9.171674503673174,0.84266
166.87975662003805,1.4051668038326757,8.458227813514752,0.84266
163.93026500784345,1.400916906016183,7.718370465122253,0.84266
161.1014311636109,1.396993948525201,7.031783964188551,0.84266
158.08858032730168,1.3931478355878906,6.276328327221326,0.84266
154.8687271332696,1.3895940045355628,5.576118647789754,0.84266
151.81689393940337,1.386765552650395,4.980580218436617,0.84266
148.56722081326512,1.3845364258549078,4.4455245454802075,0.84266
145.53122014034625,1.3835704134311504,4.006385595205471,0.84266
142.2972847033044,1.3838710413156914,3.5532781581148245,0.84266
138.84012515385422,1.3857478794316713,3.151060250989447,0.84266
135.67860327473542,1.3886050735608042,2.8708894243677805,0.84266
132.3387533251878,1.3927194420104676,2.664132737581283,0.84266
128.8121506106784,1.3980578522190394,2.5877738552278147,0.84266
125.09545968920713,1.4044313209695742,2.6484423629821494,0.84266
120.9643206576193,1.4121661705016582,2.806363696543994,0.84266
116.92266762787159,1.4193045039742658,3.1824120379510163,0.84266
112.94216149817225,1.424455080615285,3.7056427643232954,0.84266
108.78431926411737,1.4267264990004924,4.316203343611403,0.84266
104.3217795997686,1.424599605832662,5.133913796949077,0.84266
100.91918664058194,1.4197658848554073,5.827530729630393,0.84266
97.62069320554302,1.4131569561235364,6.4271930948523055,0.84266
93.785506764677,1.403759803121494,7.0322928321302705,0.84266
89.26435643550832,1.3915852638410353,7.515436528038033,0.84266
85.84887065123687,1.382899869450057,7.736506881228626,0.84266
82.39055668011864,1.37579958354714,7.880531831469082,0.84266
79.01239407862089,1.37067383986145,7.884965315936098,0.84266
75.77055775421188,1.366191033310732,7.755352264421749,0.84266
72.65029823775596,1.361657738310946,7.599465630023622,0.84266
69.65954209066273,1.3586889649911018,7.365229782970026,0.84266
66.81775677497446,1.3580982400795678,7.078274775783082,0.84266
64.12998059882932,1.3574421709599622,6.846745357728291,0.84266
61.611616868330444,1.3544978086790969,6.584986026637389,0.84266
59.265102384108665,1.3499669404092312,6.354717886156063,0.84266
57.078222125584766,1.346385166542531,6.102288970547534,0.84266
55.04207474197155,1.3448543738055456,5.9236593672923785,0.84266
53.1351120705757,1.3454133157321462,5.702367773685269,0.84266
51.36862618034027,1.3465949289359156,5.523188202208198,0.84266
49.72679644233518,1.346733395276929,5.362287662909713,0.84266
48.20524269763252,1.3445473181672067,5.228441425431668,0.84266
46.791794406874835,1.340893599636299,5.107160738827955,0.84266
45.473511725115,1.3353497173132425,4.980649826955604,0.84266
44.237985228861604,1.3281446366885472,4.858197577650028,0.84266
43.08479821103988,1.3225118122144386,4.755678138674098,0.84266
41.47446789236436,1.3157657995318415,4.599274438653562,0.84266
40.00316091422074,1.3109902248967928,4.456780699359719,0.84266
38.62494948857898,1.311641444155817,4.317728279890158,0.84266
37.330579345399485,1.3169924234273793,4.22300817362106,0.84266
36.13852053871257,1.3207600213127026,4.129090216639319,0.84266
35.03168983116574,1.324412913705016,4.040100144880093,0.84266
34.00121929950656,1.3285525890935073,3.9829708279865246,0.84266
33.03550963997338,1.327454304728949,3.9391178414395394,0.84266
32.13329424354958,1.3258785883162556,3.8940856364799266,0.84266
31.01303644646928,1.3215099268547827,3.8518970207402807,0.84266
29.97997434230771,1.311587363979945,3.802437859944469,0.84266
29.01500847049367,1.300939768686839,3.760809259107275,0.84266
28.115063289763967,1.2908864609707291,3.721621253919852,0.84266
27.2739259380012,1.2730603741468987,3.585699773959497,0.84266
26.475154481201013,1.2658761048832317,3.570821512011467,0.84266
25.535692799530644,1.2516188378094126,3.478579311486553,0.84266
24.65945161478862,1.23906415093526,3.3852348581309077,0.84266
23.832021986322605,1.2266772345194572,3.248310555646185,0.84266
,,,0.84266
85.9565574503596,1.8826630508342426,10.682590285123636,2.15662
84.82005454833475,1.8624531422110786,10.416786806195613,2.15662
81.3550299911004,1.8202246207399122,9.659011919685543,2.15662
77.23576006652121,1.7728828886048442,8.754733920485927,2.15662
74.55811735169146,1.7439886678498142,8.16742457683757,2.15662
72.1712308754519,1.718689806854399,7.6599726594385675,2.15662
69.85964511739954,1.6941813468796552,7.196653267759084,2.15662
67.65250637448558,1.6703894580708838,6.76318089983216,2.15662
65.50161521017907,1.6464736745954127,6.35485839861851,2.15662
63.40171764077924,1.6220049625444355,5.990881357998413,2.15662
61.34562403080643,1.596439245433172,5.644432394835707,2.15662
59.33804191072148,1.5698708036674702,5.316672651356235,2.15662
57.360225646575614,1.5462441916158454,5.036149291481057,2.15662
55.437549040302336,1.5165816693064982,4.763935159820354,2.15662
53.559497529800005,1.4854317701257505,4.528328671149718,2.15662
51.702714554482476,1.4556409131900585,4.296278350176708,2.15662
49.89654801083788,1.4209282014951137,4.057157685185003,2.15662
48.13146708817011,1.386929509598747,3.919975384404743,2.15662
46.20400099862225,1.3476639702563113,3.7321013680174318,2.15662
44.9072133072248,1.32021891104632,3.6253513337847583,2.15662
43.82397783345726,1.2988252007621017,3.529536439794321,2.15662
42.91592580018322,1.279331694769026,3.483994059276969,2.15662
41.191613317602474,1.2405639893834197,3.342320114951226,2.15662
39.55766193375131,1.2037252024682972,3.228481480861905,2.15662
37.96819201611004,1.167775811587188,3.1286529229096574,2.15662
36.42081489918513,1.1334059171689903,3.040013387885681,2.15662
34.912157854190404,1.1013377924819179,2.948043752888705,2.15662
33.452324098465795,1.0702542854158932,2.8747190519168866,2.15662
32.04456404847568,1.0418597154531868,2.8100605933703466,2.15662
30.695219137176217,1.0162798493886787,2.739142933807419,2.15662
29.419471016460385,0.9942199673278913,2.6841605389045124,2.15662
28.258213466245284,0.9769340973308596,2.6428907215874746,2.15662
27.35985710874692,0.966961600507633,2.612062152988573,2.15662
26.880280955387143,0.9892941073244937,2.6421971876276795,2.15662
31.902103955173814,1.3563896173254129,3.2551742085299455,2.15662
32.170334857324534,1.3203530609675984,3.2666963487469194,2.15662
32.19716627437402,1.2727126314068937,3.271443430752087,2.15662
31.14904766999601,1.216439681682578,3.2286154669413,2.15662
29.795068785588793,1.2005227653269,3.1500885453335483,2.15662
28.675990296521864,1.1924997453226378,3.092487885787933,2.15662
27.31772671847662,1.181409233539487,3.0121758268045444,2.15662
26.345184914459132,1.1702276276016454,2.9729842572399825,2.15662
25.342129365413292,1.1560470206807187,2.9285239962661107,2.15662
24.314295442868236,1.1390375815034601,2.8823939722438454,2.15662
23.235681333600343,1.1184147046849033,2.8410547305672327,2.15662
22.656494062688612,1.105412015711288,2.8162099938630543,2.15662
22.029500947475356,1.0917766686616344,2.787670633944788,2.15662
21.333094624740518,1.077578108410815,2.7564994897706465,2.15662
,,,2.15662
101.94571071211591,0.9323077925888397,11.61565326081151,1.30584
100.41926419670209,0.8964045027634814,11.223853326432948,1.30584
97.84061890593023,0.853495550300475,10.570283238714113,1.30584
95.34110184366389,0.8156545402658608,9.971091475747178,1.30584
92.3984117958565,0.780120862830547,9.29269903786511,1.30584
89.53784186553754,0.7584610737239791,8.653553022497505,1.30584
86.70619609010228,0.7517301184746872,8.134221798434215,1.30584
82.60616204518638,0.769559619457624,7.362283342029843,1.30584
79.35088219182663,0.806533702603119,6.838534378763273,1.30584
75.72835867384849,0.8678145171410497,6.304889069123233,1.30584
72.15206353566309,0.937806281909881,6.190525436496608,1.30584
69.10503230770604,0.9886027797220664,5.505559424182514,1.30584
66.16355602800985,1.0190689934838337,5.126256722961631,1.30584
63.148827856804715,1.029240011154857,4.873748632700081,1.30584
61.44686877242621,1.0244554782333042,4.810907792518028,1.30584
60.5300937260961,1.0098584697665796,4.82232017396209,1.30584
57.10099366324737,0.7420336048377724,4.904349600578361,1.30584
53.430154177965974,0.8742616824300231,3.631005095327373,1.30584
51.612222279476896,0.9456488994469553,2.7937775382296324,1.30584
49.50833336294413,1.0056114802943918,2.7496804980596377,1.30584
46.441721062448295,1.0583192844098563,3.708224782604561,1.30584
43.39109053252685,1.0825844771272373,4.425102594845625,1.30584
42.11403765178479,1.0871129381377949,4.3745428443688334,1.30584
41.03484095063345,1.0924476039475424,4.261442175298701,1.30584
40.15893125617247,1.1020921696511596,4.170017230144461,1.30584
39.035938990029685,1.132966736239183,3.9586077737959617,1.30584
38.72560171817905,1.1499058756170157,3.8963616282576616,1.30584
38.5094993278662,1.165913644596032,3.8208454806249432,1.30584
38.35578678448553,1.1804743397571573,3.7845590316338096,1.30584
38.21779987326725,1.193487926541955,3.7417821192368828,1.30584
38.08076771406283,1.2051984557378146,3.7024534524761603,1.30584
37.92033599934621,1.2151394994646887,3.6535497554349785,1.30584
37.727982783404265,1.223175849865506,3.61895814295786,1.30584
37.2331580066033,1.2351289917544455,3.5436635713349522,1.30584
35.88311779498688,1.2529809977919184,3.3494756167920534,1.30584
34.3199772448546,1.261077274980987,3.187934092248948,1.30584
33.14420256811128,1.2613751724961477,3.0705174139990543,1.30584
31.657924349149596,1.2617627968232157,2.9350881473195964,1.30584
30.291135790628513,1.2633921917179276,2.81839900871465,1.30584
29.061499834192624,1.2645454648082097,2.726569113070353,1.30584
27.954343222617783,1.2639319912776907,2.6543759684116415,1.30584
26.95864497172944,1.2606410691011516,2.597852220088323,1.30584
25.8438450639419,1.2518329664197512,2.5238472506076097,1.30584
24.84456027744558,1.24139076793383,2.4524640308164365,1.30584
23.93235610118636,1.233947904679803,2.379900824033214,1.30584
23.09539453831428,1.230290627883849,2.3072503247678857,1.30584
22.16032391979673,1.2340786819198026,2.2459851722274644,1.30584
,,,1.30584
215.4240756138064,1.385359205174868,15.755401719809527,0.71566
214.99994046078632,1.3845000707798358,15.686165391735257,0.71566
208.66285243228862,1.3786324249908002,15.092522305406046,0.71566
205.53203446426886,1.3759227430243797,14.164472370348133,0.71566
202.8043930282517,1.3756037342452594,13.337053930841158,0.71566
200.19465160166308,1.3750002944869821,12.525293809979315,0.71566
197.62863359270685,1.374058619794187,11.72817709197625,0.71566
195.08024222843036,1.3728872680245137,10.934746193000274,0.71566
192.5435297966897,1.371446864836098,10.149232403827304,0.71566
189.85522264279456,1.3696034782864606,9.339582609956286,0.71566
187.1599794917383,1.3675014329713366,8.53387730494115,0.71566
184.4650123765769,1.3651901647638347,7.747240687335835,0.71566
181.7813522402968,1.362763573769755,6.982937801199348,0.71566
179.12483982416055,1.3603595861384212,6.252399653286374,0.71566
176.28653366312795,1.357886182763883,5.501033212047868,0.71566
173.49148110357766,1.3554379440087396,4.765638221500614,0.71566
170.51020091579855,1.3532296738239038,4.175582661493106,0.71566
167.5801687020063,1.3522067626581589,3.600257200035071,0.71566
164.72711394658018,1.3523147041504018,3.0568699944036966,0.71566
161.6673531961928,1.3535696961028458,2.5158954900747013,0.71566
158.7064819153123,1.3559630147137898,2.04805552662086,0.71566
155.52821980318365,1.359874552776723,1.679494159637877,0.71566
152.49206096018835,1.364945788148544,1.7237743687270375,0.71566
149.22688132542515,1.3716665963120573,1.7330988216951209,0.71566
146.17151613931154,1.3793562116209241,1.969810530557008,0.71566
142.9243377204059,1.3886181081297515,1.9522747130451485,0.71566
139.47253786694338,1.3993700919919094,2.022759072976296,0.71566
135.81394027804095,1.4114296337706436,2.2687608962672687,0.71566
132.4942686474771,1.4225322661297441,2.607647518831951,0.71566
128.4156686391463,1.4354139015378347,3.1974595960665253,0.71566
124.2493371344865,1.445864451438668,3.6087243129607587,0.71566
120.20191888291667,1.4516857609914366,4.2963100227436435,0.71566
115.7855617746294,1.4517219447497496,5.229364270313785,0.71566
111.20012257533789,1.444655108290343,6.446711777498979,0.71566
108.12499603091082,1.4364804201216996,7.200596590046507,0.71566
104.45038092107016,1.4243239514939812,7.971148616699079,0.71566
100.67715229960231,1.4104641431044147,8.570362947828887,0.71566
96.33939107615502,1.395297273458322,9.064239598843233,0.71566
93.02276364071287,1.3852729702382314,9.261966639066406,0.71566
89.30887644212767,1.3753720355021117,9.334525928551791,0.71566
85.47467504039409,1.3658461239893127,9.357882957413821,0.71566
81.74542820618137,1.3582202202032914,9.128447343271237,0.71566
78.18158884698452,1.3539052865025984,8.875283693577787,0.71566
74.81043842176244,1.3515880710190409,8.515217613242372,0.71566
71.65256452434802,1.3479140323698786,8.23533007665194,0.71566
68.71426984015106,1.3421595119645957,7.902008713858823,0.71566
65.96998574044987,1.336649922152075,7.596095541997003,0.71566
63.40763579813827,1.3340463010673131,7.294850664915795,0.71566
61.018373129355716,1.3338710404166676,7.028956934937347,0.71566
58.807338117933185,1.3342622055941056,6.800163341242134,0.71566
56.76958312913053,1.3331185765620794,6.565112695847853,0.71566
54.87768951328086,1.330470004806276,6.362103980916902,0.71566
53.132187281613646,1.3268070624620598,6.171646890504404,0.71566
51.50363719041474,1.3219596345586724,6.036959863081427,0.71566
49.983922107924194,1.3169314353544104,5.877030728825893,0.71566
48.5645111871617,1.3125394614383776,5.743377101275192,0.71566
47.231924899774434,1.3085160901075497,5.588205707481165,0.71566
45.97176077223868,1.3058159445010435,5.457936281829923,0.71566
44.78660189685834,1.3033827973142045,5.339044076726905,0.71566
43.66042625212216,1.3026198563528535,5.239664344958365,0.71566
42.10142489231896,1.3018749835151788,5.097405708700866,0.71566
40.64634571426437,1.3019011440148354,4.966326950676413,0.71566
39.31426037251754,1.3031511653360484,4.844205475509418,0.71566
38.063006131358605,1.3034371891335348,4.751929152406022,0.71566
36.89782042692086,1.3012339751166397,4.664849344812658,0.71566
35.81943911999986,1.3008890274224798,4.585252261460928,0.71566
34.7938339667548,1.2960982460497033,4.508253498084609,0.71566
33.84464630840282,1.2924365636445942,4.442250641774532,0.71566
32.655601395547336,1.2824947804652231,4.363839153365076,0.71566
31.55791111091075,1.274340062163767,4.265042591434903,0.71566
30.525169081762385,1.264212959848041,4.162805883248412,0.71566
29.563877605041895,1.2539739280605624,4.070918025295024,0.71566
28.66893639343372,1.2435610104834998,3.9785564840917162,0.71566
27.813669821952463,1.2337392834792915,3.8790570185558373,0.71566
27.0030202963438,1.2244715437988831,3.798301626486993,0.71566
26.23180376204112,1.215729306676964,3.694909908179079,0.71566
25.323375200314185,1.2056517808966973,3.5739565841484677,0.71566
24.471815446719557,1.1958357929085814,3.464109886750749,0.71566
,,,0.71566
212.82514654820844,1.3864825746818414,14.98640045890133,0.72444
213.85149480436706,1.38509692397014,14.874090356288972,0.72444
213.70823924685197,1.3843806375857286,14.809084351924236,0.72444
206.75633189801218,1.3795102112123345,13.541155975375089,0.72444
203.5041858975166,1.379507572435436,12.756952480500694,0.72444
200.63809729038354,1.3792376258833023,12.011143322071085,0.72444
197.9008524610868,1.3785523640786987,11.270894444286728,0.72444
195.2263592325051,1.37760177795561,10.522497710189592,0.72444
192.70089714429238,1.3763731405204958,9.801686689206537,0.72444
190.1933694924419,1.3747568658916616,9.085348322273862,0.72444
187.6948820459305,1.3728448999542546,8.37213388901767,0.72444
185.20254787893438,1.3706634929148098,7.663293719941343,0.72444
182.7146987356868,1.3682247329873483,6.967861915915304,0.72444
180.0737271924356,1.3654430684033751,6.237434768094694,0.72444
177.425312553842,1.3625555759916246,5.5163448248106555,0.72444
174.77683775444004,1.3596690429818177,4.812445281103989,0.72444
172.14127440486595,1.356806543609735,4.084649979113665,0.72444
169.33428367396104,1.3537457869825027,3.4881808694237098,0.72444
166.54527866801772,1.351582192410219,2.951087715954114,0.72444
163.78327733998526,1.350649468457981,2.4093723258158866,0.72444
160.81185679897928,1.3508320811347028,1.8674752086684676,0.72444
157.8755986166979,1.352409127293022,1.3282037705506355,0.72444
155.00359801784148,1.3553951968741038,1.1335071568290525,0.72444
151.90735131105404,1.360341456979237,1.125254098852437,0.72444
148.91126991736434,1.3666704003748458,1.1439095938228143,0.72444
145.69555713383127,1.3751940464182908,1.3925549942621616,0.72444
142.64469523126905,1.3849179775532607,1.35858008290481,0.72444
139.4004098692698,1.3965224633422062,2.0361292878147976,0.72444
135.9252924202111,1.4103769330136167,1.6801456679869329,0.72444
132.63875821317603,1.4243693239850335,2.051226796711622,0.72444
128.93516646317906,1.4401375360891213,2.6335026250673037,0.72444
124.90579204089444,1.455255512524508,2.92335375841361,0.72444
120.7038622566457,1.4662222216193757,3.5493311990051843,0.72444
116.36584841276694,1.4703429252132154,4.347204125672758,0.72444
112.7576429328096,1.4672511452378343,5.391125820658241,0.72444
108.95242745421808,1.4583584946499628,6.448113193311061,0.72444
104.88522942588898,1.4440107048414002,7.496383388760982,0.72444
100.12088321780458,1.4247859373992173,8.380235114358657,0.72444
95.88536430667311,1.4087178434396614,8.897486039300214,0.72444
92.6188611061644,1.397256499094748,9.10473681680447,0.72444
88.8900538314182,1.3851452885552258,9.176783117249464,0.72444
85.01052709572771,1.374953686245999,9.147440776740916,0.72444
81.22454376166483,1.3687722505963584,8.95898687684958,0.72444
77.63589524801414,1.3648283596758368,8.635805019599976,0.72444
74.26318609573836,1.35979832591095,8.310045978727452,0.72444
71.14236616739998,1.3535529297479048,8.01008708576457,0.72444
68.22850754582682,1.3483348617829878,7.667337081895802,0.72444
65.53409219697885,1.3460643868762747,7.363826594272359,0.72444
63.03524952440433,1.3463121023649522,7.1088122291044575,0.72444
60.72451178357969,1.3476943259070366,6.86501778774478,0.72444
58.60243528088432,1.3477057344120054,6.620114678168071,0.72444
56.64746115611068,1.345090370640614,6.436713140187113,0.72444
54.84853602276383,1.3403330654464543,6.242463784678479,0.72444
53.178198701468155,1.3335625166817113,6.081770515650342,0.72444
51.627304889527075,1.3262543505016184,5.955575707784826,0.72444
50.17371042996843,1.3204725056192859,5.787983699533973,0.72444
48.807717941265985,1.3171791519833027,5.644902857852959,0.72444
47.53249482876862,1.314317585218334,5.514556748534184,0.72444
46.316874542850485,1.315247519303474,5.397975722835524,0.72444
45.178861910667464,1.316243356045863,5.280884328209173,0.72444
44.09377389672322,1.31929820383756,5.171762633154441,0.72444
42.57494900492708,1.3239850457033615,5.032027455616727,0.72444
41.17543418558187,1.3273689656242353,4.938593311293765,0.72444
39.87526187713957,1.3292001380482537,4.867295085149711,0.72444
38.677277660110015,1.3293933786139216,4.805778165268173,0.72444
37.54674209925726,1.3255028629895251,4.732668579918097,0.72444
36.49747537117482,1.3205604492666803,4.677714297200067,0.72444
35.51519213169703,1.3138341673134595,4.624840769394468,0.72444
34.59095724713366,1.3058945594214428,4.564878212540468,0.72444
33.43680094694664,1.2942146577550375,4.479095813292949,0.72444
32.362119713088525,1.283566198913629,4.416543345365096,0.72444
31.34724428307639,1.2705397694849903,4.294053896746207,0.72444
30.40351858583738,1.2588280858089067,4.20001869632714,0.72444
29.503955070225235,1.2493601271467205,4.1148136635030905,0.72444
28.655428579344683,1.2385214762409764,3.963440187462495,0.72444
27.85268165860735,1.2295115771805463,3.877303058718962,0.72444
26.90117461576609,1.219258463927947,3.767708331099217,0.72444
26.01665483380298,1.2102331281941552,3.6428610385278133,0.72444
25.15718580808528,1.2020251391509902,3.5203650410518916,0.72444
24.360076990680124,1.1946003408913037,3.3876128482640486,0.72444
,,,0.72444
84.20127462849972,1.9392211852234371,10.509093597729809,2.22825
84.48682957725674,1.9348823099834374,10.535675078584982,2.22825
83.1300495923611,1.9173884175854803,10.252150485160543,2.22825
79.82776136129002,1.8772908504097456,9.532327466163506,2.22825
75.9124528006476,1.8325504921508577,8.665669630460577,2.22825
72.59516397478983,1.7978053975587267,7.939152578755646,2.22825
70.01210134439192,1.771343275031846,7.3819327676043,2.22825
67.649031677671,1.7461540694255329,6.885654269127603,2.22825
65.38782381364906,1.7219220026792863,6.444058155652812,2.22825
63.16657028038972,1.697822282584337,6.03011261442678,2.22825
61.01340251279478,1.6727848534159668,5.638357876771707,2.22825
58.71532018213256,1.6450878279290306,5.252534170035875,2.22825
55.90630898408941,1.6063644785389475,4.826276131922082,2.22825
53.743000780426875,1.579080072293298,4.52227129137131,2.22825
51.71681007850123,1.5449117434721227,4.232066461182069,2.22825
49.79756807589199,1.5105692859383069,3.9862784157434383,2.22825
47.933046179629734,1.476215688319052,3.8258851432856,2.22825
46.1053299223249,1.4417612585950283,3.635718835655886,2.22825
44.32128678109629,1.4037253848893765,3.482167001502387,2.22825
42.57781836696519,1.3655502257871557,3.3427968727593487,2.22825
40.83124564185263,1.3273324547027117,3.2298968802952053,2.22825
39.14207131185596,1.2871887506011699,3.112752730723858,2.22825
37.50451938642241,1.2481242674140782,3.0225113140320783,2.22825
35.90206292415849,1.2099278485300802,2.928654361951703,2.22825
34.33048815897176,1.1731616516542676,2.859824447330581,2.22825
32.78671100070145,1.13819305214415,2.7796812528405463,2.22825
32.03242790544099,1.1209276196828408,2.749063249688136,2.22825
31.28588453538212,1.1052234239116874,2.7256781523096607,2.22825
30.55309713825701,1.0886676268134903,2.6970964434438223,2.22825
29.83256109955138,1.0742908464314194,2.6651146186291053,2.22825
29.12655710696238,1.0599850150110373,2.640802084700843,2.22825
28.435877071309797,1.046322608398758,2.6062174949708465,2.22825
27.759526367435008,1.0333127249520846,2.5847261736147167,2.22825
27.102511637710357,1.020014829742423,2.5618909770098917,2.22825
26.46676053352076,1.0096595496680845,2.5424664971046256,2.22825
25.848549321798224,1.0003754647903638,2.526061089168106,2.22825
25.260388046218676,0.9916631107064419,2.509218930213109,2.22825
24.293723321779616,0.9804798751780357,2.4820966344377995,2.22825
23.595882065025872,0.9984813063178752,2.50685992324967,2.22825
28.269374234126033,1.3778576379553613,3.0902291969764244,2.22825
28.51994221684414,1.3427343759452326,3.075982336985977,2.22825
28.662274956352967,1.2877459011037986,3.075374129406787,2.22825
28.183282421795678,1.2295069433006496,3.0597470904021637,2.22825
27.108607078332845,1.2006943796228648,3.003173130371879,2.22825
25.917521509525653,1.1871531671381317,2.9480656317189555,2.22825
25.22959604781029,1.1816068231181738,2.921336805569666,2.22825
24.51670853146485,1.1751837832953018,2.8919299239119325,2.22825
23.79773232182118,1.1684522349525355,2.8605005868292452,2.22825
23.08446173079123,1.159001711005985,2.829586013269211,2.22825
22.37698191184917,1.149955013618019,2.8035803590403687,2.22825
21.67748595099517,1.1376918309220407,2.7743648244407217,2.22825
20.981350203108352,1.1241816887946248,2.7512193224518455,2.22825
20.28397649133948,1.1082291229533465,2.7216711831080524,2.22825
